SNP,Alleles,Locus,Chromosome,All breast cancers,ER-positive disease,ER-negative disease
rs78540526,C/T,CCND1,11,1.1761,1.2342,0.9049
rs75915166,C/A,CCND1,11,1.0239,1.0189,1.1326
rs554219,C/G,CCND1,11,1.1238,1.1402,1.0094
rs7726159,C/A,TERT,5,1.0359,1.0442,1.0306
rs10069690,C/T,TERT,5,1.0242,0.9948,1.12
rs2736108,C/T,TERT,5,0.9379,0.9507,0.8964
rs2588809,C/T,RAD51L1,14,1.0667,1.0829,1.0117
rs999737,C/T,RAD51L1,14,0.9239,0.9189,0.9688
rs10759243,C/A,9q31.2,9,1.0542,1.0732,1.0085
rs865686,T/G,9q31,9,0.8985,0.8723,0.9891
rs2981579,G/A,FGFR2,10,1.2524,1.3175,1.017
rs11199914,C/T,10q26.12,10,0.94,0.9203,1.0166
rs7072776,G/A,DNAJC1,10,1.0581,1.0835,0.9362
rs11814448,A/C,DNAJC1,10,1.218,1.202,1.2365
rs13387042,A/G,2q35,2,0.8794,0.8592,0.9581
rs16857609,C/T,2q35,2,1.0721,1.072,1.0831
rs11552449,C/T,1p13.2,1,1.081,1.0889,1.0534
rs11249433,A/G,1p11.2,1,1.0993,1.1226,0.9996
rs1045485,G/C,CASP8,2,0.9644,0.9685,0.9549
rs4973768,C/T,SLC4A7,3,1.0938,1.1022,1.0605
rs10941679,A/G,5p12,5,1.1198,1.1559,1.0253
rs889312,A/C,MAP3K1,5,1.1176,1.1473,1.0538
rs12662670,T/G,ESR1,6,1.1392,1.12,1.1816
rs2046210,G/A,ESR1,6,1.0471,1.0273,1.1209
rs13281615,A/G,8q24,8,1.095,1.1112,1.0185
rs1011970,G/T,CDKN2A/B,9,1.0502,1.0379,1.1159
rs2380205,C/T,ANKRD16,10,0.9771,0.9604,1.0004
rs10995190,G/A,ZNF365,10,0.8563,0.8495,0.874
rs704010,C/T,ZMIZ1,10,1.0699,1.0801,1.0424
rs3817198,T/C,LSP1,11,1.0744,1.0824,1.0559
rs10771399,A/G,PTHLH,12,0.8629,0.8814,0.8381
rs1292011,A/G,12q24,12,0.9219,0.9082,0.9825
rs3803662,G/A,TOX3,16,1.2257,1.2458,1.152
rs6504950,G/A,COX11,17,0.934,0.9304,0.9676
rs8170,G/A,19p13,19,1.0314,0.9955,1.1415
rs2363956,G/T,19p13,19,1.0264,0.9954,1.1256
rs2823093,G/A,NRIP1,21,0.9274,0.9152,0.9857
rs17879961,A/G,CHEK2 I157T,22,1.3632,1.5081,0.9215
rs616488,A/G,PEX14,1,0.9417,0.9674,0.891
rs4849887,C/T,2q14.2,2,0.9187,0.9128,0.9174
rs2016394,G/A,2q31.1,2,0.9504,0.934,0.9966
rs1550623,A/G,CDCA7,2,0.9445,0.9477,0.9417
rs6762644,A/G,3p26.2,3,1.0661,1.0681,1.0256
rs12493607,G/C,TGFBR2,3,1.0529,1.0642,1.004
rs9790517,C/T,TET2,4,1.0481,1.0524,1.0208
rs6828523,C/A,ADAM29,4,0.9056,0.8753,1.0205
rs10472076,T/C,RAB3C,5,1.0419,1.0312,1.0452
rs1353747,T/G,PDE4D,5,0.9213,0.9355,0.9158
rs1432679,A/G,EBF1,5,1.067,1.0672,1.0699
rs11242675,T/C,FOXQ1,6,0.9429,0.9459,0.93
rs204247,A/G,RANBP1,6,1.0503,1.0645,1.0044
rs17529111,A/G,6q14.1,6,1.0457,1.0452,1.037
rs720475,G/A,7q35,7,0.9452,0.9312,0.9991
rs9693444,C/A,8p21.1,8,1.073,1.0706,1.087
rs6472903,T/G,8q21.11,8,0.9124,0.9123,0.9327
rs2943559,A/G,HNF4G,8,1.1334,1.1384,1.1009
rs11780156,C/T,8q24.21,8,1.0691,1.0842,1.0368
rs7904519,A/G,TCF7L2,10,1.0584,1.0505,1.0625
rs3903072,G/T,11q13.1,11,0.9442,0.9404,0.978
rs11820646,C/T,11q24.3,11,0.9563,0.9553,0.9552
rs12422552,G/C,12p13.1,12,1.0327,1.0371,1.0222
rs17356907,A/G,NTN4,12,0.9078,0.9008,0.9295
rs11571833,A/T,BRCA2,13,1.2609,1.249,1.4619
rs2236007,G/A,PAX9,14,0.9203,0.9052,0.9524
rs941764,A/G,CCDC88C,14,1.0636,1.0736,1.0355
rs17817449,T/G,FTO,16,0.93,0.9341,0.8845
rs13329835,A/G,CDYL2,16,1.0758,1.0883,1.0139
rs527616,G/C,18q11.2,18,0.9573,0.9577,0.9787
rs1436904,T/G,CHST9,18,0.9466,0.9362,0.9925
rs4808801,A/G,SSBP4,19,0.9349,0.9354,0.9227
rs3760982,G/A,19q13.31,19,1.0553,1.0538,1.0503
rs132390,T/C,22q12.2,22,1.1091,1.1132,1.0515
rs6001930,T/C,MKL1,22,1.1345,1.1313,1.1214
rs4245739,A/C,MDM4,1,1.0291,0.9961,1.164
rs6678914,G/A,LGR6,1,0.989,1.0058,0.9146
rs12710696,G/A,2p24.1,2,1.0387,1.0128,1.1054
rs11075995,A/T,FTO,16,1.0368,1.0204,1.1016